"Metric","Final Weight (%)"
"Performance & Accuracy","6.25"
"Scalability & Flexibility","6.25"
"Security & Data Privacy","6.25"
"Out-of-the-Box Functionality","0.00"
"Autonomy & Control","6.25"
"Time-to-Market","6.25"
"Cost & TCO","6.25"
"Vendor Reputation & Stability","0.00"
"Customer Support & SLAs","6.25"
"Customization & Configurability","12.50"
"Deployment Options","6.25"
"Compliance & Regulatory Alignment","6.25"
"Data Governance & Management","6.25"
"Model Explainability & Transparency","6.25"
"Ethical Considerations & Bias Mitigation","6.25"
"Innovation & Technology Roadmap","12.50"
"Total","100.00"